,date,topic,content,categorie,country,city,publisher/organizer,reach,sentiment
0,2024-06-01,Ban of Thermal Vehicles,"Title: Government Announces Landmark Ban on Thermal Vehicles to Combat Climate Change

The Ministry of Environment has officially announced a new policy to ban the sale and registration of thermal vehicles starting in 2030. The policy, part of the government's ambitious plan to achieve net-zero emissions by 2050, aims to drastically reduce air pollution and greenhouse gas emissions. ""The ban is a critical step toward sustainable transport and a healthier future for all,"" stated the Minister of Environment. This decision follows a year of consultations with industry stakeholders and environmental experts. The government will also invest in infrastructure to support electric and alternative fuel vehicles.",press releases,United Kingdom,London,,,positive
1,2024-06-02,Ban of Thermal Vehicles,"üö´ Ban Thermal Vehicles NOW! üö´
The 2030 ban is too late to address the climate crisis! Join us in demanding that our leaders act NOW. Every day we delay, we lose more of our future. Spread the word, use #BanThermalNow, and stand with us for a cleaner, healthier planet. üåçüíö",protest,United Kingdom,Birmingham,,,positive
2,2024-06-03,Ban of Thermal Vehicles,"Title: Impact Assessment of Thermal Vehicle Ban on Emissions and Air Quality

This report assesses the potential environmental benefits of the upcoming thermal vehicle ban. According to the findings, eliminating thermal vehicles by 2030 could reduce national CO2 emissions by 30% and decrease urban air pollution by over 50%. The report explores scenarios across various regions, demonstrating that cities with high traffic congestion will benefit most significantly. Additionally, the ban is expected to reduce noise pollution and improve public health, particularly in urban areas with high asthma rates linked to air quality.",report,United Kingdom,Bristol,,,positive
3,2024-06-04,Ban of Thermal Vehicles,"Script Title: ‚ÄúDrive the Change: Say Goodbye to Thermal Vehicles‚Äù

Narrator: [Images of traffic congestion and air pollution] ‚ÄúOur air is polluted. Our cities are warming. Fossil-fuel cars are a big part of the problem.‚Äù

Cut to: [Scenes of clean, green urban spaces with electric vehicles]

Narrator: ‚ÄúBut we can change that. The ban on thermal vehicles by 2030 is a turning point. By embracing electric and alternative fuel vehicles, we reduce emissions and breathe cleaner air.‚Äù

Call to Action: ‚ÄúLet‚Äôs support the shift to a sustainable future. Join us in making this change a reality!‚Äù",campaign,United Kingdom,Liverpool,,,positive
4,2024-06-05,Ban of Thermal Vehicles,"""Title: Automotive Manufacturers React to Upcoming Thermal Vehicle Ban

In response to the government‚Äôs newly announced ban on thermal vehicles by 2030, major automotive manufacturers have pledged to accelerate their electric vehicle (EV) transitions. The head of the national Automotive Industry Association stated, """"While challenging, this change aligns with global trends, and we are committed to supporting sustainable transport solutions."""" Industry leaders are urging the government for clear guidelines and incentives to aid the shift and minimize disruption to the economy and jobs in the automotive sector.""",press releases,United Kingdom,Oxford,,,positive
5,2024-06-06,Ban of Thermal Vehicles,"Slogan: ""Our Planet, Not Pollution!""

Environmental activists gathered today in cities across the nation, calling for an immediate ban on thermal vehicles rather than the planned 2030 timeline. Protesters emphasized the urgency of climate action, highlighting recent air quality studies and severe weather events as clear signs of the climate crisis. ""We cannot wait another decade while fossil-fuel-powered cars pollute our air and warm our planet,"" stated the spokesperson for Green Future Now, urging policymakers to take faster and more drastic measures to curb emissions.",protest,United Kingdom,Sheffield,,,positive
6,2024-06-07,Ban of Thermal Vehicles,"Title: Economic Implications of Thermal Vehicle Ban: Opportunities and Challenges

This report analyzes the economic impact of phasing out thermal vehicles by 2030. While the transition presents challenges for industries reliant on combustion engine technologies, it also opens up opportunities for growth in electric vehicle (EV) manufacturing, battery production, and renewable energy. The report includes projections on job creation in the EV sector and highlights the need for government support to mitigate job losses. Policymakers are encouraged to consider grants and retraining programs to facilitate a smooth transition for affected workers.",report,United Kingdom,Lancaster,,,positive
7,2024-06-08,Ban of Thermal Vehicles,"Title: Sign the Petition: Accelerate the Ban on Thermal Vehicles to 2025!

We need urgent action to combat climate change. Waiting until 2030 to ban thermal vehicles is not enough. Every day, these vehicles pump harmful emissions into our air, worsening climate change and health issues. Sign our petition to demand an accelerated timeline for the thermal vehicle ban, pushing it forward to 2025. Let's protect our environment, our health, and our future. Every signature counts!",campaign,United Kingdom,Glasgow,,,positive
8,2024-06-09,Ban of Thermal Vehicles,"Title: Cities Unite to Support National Thermal Vehicle Ban by 2030

In an unprecedented coalition, mayors from 15 major cities across the country have announced their joint support for the government‚Äôs thermal vehicle ban. The coalition pledged to create ""low-emission zones"" and introduce incentives to encourage citizens to transition to electric and hybrid vehicles. ""Our cities bear the brunt of air pollution and traffic-related emissions. By endorsing the ban, we‚Äôre supporting a cleaner, greener future for urban and suburban residents alike,"" said the Mayor of Newtown. The coalition calls on other municipalities to join in supporting this transition and facilitating local programs to ease the shift for residents.",press releases,United Kingdom,London,,,positive
9,2024-06-10,Ban of Thermal Vehicles,"Title: Youth Activists Rally for Immediate Ban on Thermal Vehicles to Protect Future Generations

Youth Climate Action Network, a nationwide youth-led organization, organized protests in over 50 cities demanding the government accelerate the thermal vehicle ban to 2025. The group argues that delaying the ban until 2030 will lead to irreversible environmental damage, affecting their generation‚Äôs future. ""We are fighting for the planet we‚Äôll inherit,"" said 17-year-old organizer Leo Martinez. The protest featured art installations of polluted landscapes and interactive stations where participants pledged to avoid thermal vehicle usage. Organizers encourage adults to join the call for urgent action, citing scientific consensus on climate timelines.",protest,United Kingdom,Birmingham,,,positive
10,2024-06-11,Ban of Thermal Vehicles,"Title: Lessons from Abroad: Comparative Analysis of Thermal Vehicle Bans in Leading Nations

This report provides an in-depth comparison of thermal vehicle bans implemented or planned by other countries, including Norway, the Netherlands, and the United Kingdom. By analyzing policy structures, incentives, and public response, the report aims to provide insights that could strengthen the implementation of the 2030 ban domestically. Key takeaways include the importance of robust EV infrastructure, tax incentives for EV purchases, and public awareness campaigns. The report concludes with recommendations for adaptation in the national context, emphasizing the role of localized policies to ensure widespread adoption.",report,United Kingdom,Bristol,,,positive
11,2024-06-12,Ban of Thermal Vehicles,"Title: ""Electrify the Future"" Community Fair

Event Overview: To raise awareness about the 2030 thermal vehicle ban and the benefits of switching to electric vehicles (EVs), we‚Äôre organizing a ‚ÄúElectrify the Future‚Äù community fair. Attendees can test-drive EVs, learn about government incentives for EV purchases, and attend workshops on reducing their carbon footprint. There will be interactive sessions for children on air pollution, climate change, and the importance of sustainable choices. Local vendors offering green technology products will also join to showcase sustainable living options.",campaign,United Kingdom,Liverpool,,,positive
12,2024-06-13,Ban of Thermal Vehicles,"Title: Leading Health Organizations Applaud Government‚Äôs Ban on Thermal Vehicles

The National Health Council, along with over a dozen medical associations, has issued a statement in strong support of the newly approved ban on thermal vehicles. According to these organizations, phasing out combustion-engine cars by 2030 will lead to improved respiratory health, fewer cases of asthma, and reduced risks of cardiovascular diseases linked to pollution. ""This ban is a crucial public health intervention,"" stated Dr. Elizabeth Chen, President of the Lung Health Foundation. ""Cleaner air will save lives and reduce healthcare costs significantly."" The council encourages further policies to promote green urban planning and renewable energy sources.",press releases,United Kingdom,Oxford,,,positive
13,2024-06-14,Ban of Thermal Vehicles,"#BanFossilFuelsNow Virtual Rally
In response to the government‚Äôs 2030 thermal vehicle ban, environmental groups are hosting an online rally demanding an immediate end to fossil-fuel-powered vehicles. The rally will feature guest speakers, live chat forums, and videos from climate scientists and environmentalists discussing the urgency of faster action. Participants can share photos, stories, and ideas for reducing carbon footprints. Join us this Friday for a powerful day of action online‚Äîuse #BanFossilFuelsNow and be a part of history!",protest,United Kingdom,Sheffield,,,positive
14,2024-06-15,Ban of Thermal Vehicles,"Title: Ensuring an Equitable Transition: Social Impacts of the Thermal Vehicle Ban

This report examines the social implications of the thermal vehicle ban, with a focus on vulnerable communities. It addresses potential barriers such as the high cost of electric vehicles and limited EV charging infrastructure in low-income neighborhoods. Case studies from cities that have pioneered equitable green transport initiatives provide a foundation for policy recommendations. These include targeted subsidies, accessible public EV charging, and partnerships with local businesses to expand EV options. The report underscores the need for inclusive policies to prevent disparities in the transition to sustainable transportation.",report,United Kingdom,Lancaster,,,neutral
15,2024-06-16,Ban of Thermal Vehicles,"Title: ""Why We‚Äôre Banning Thermal Vehicles: A Guide to a Cleaner Future""

Content Highlights:

What is the Thermal Vehicle Ban?
By 2030, the sale of new combustion engine vehicles will be banned. This is part of a national effort to reach net-zero emissions.
Why is This Necessary?
Thermal vehicles contribute heavily to air pollution and greenhouse gas emissions. Transitioning to electric and alternative fuel vehicles can significantly reduce our carbon footprint.
What Are Your Options?
Explore electric and hybrid vehicles, government incentives, and EV charging infrastructure that‚Äôs being expanded nationwide.
Be a Part of the Change
Together, we can build a sustainable future. Let‚Äôs move toward cleaner, greener transportation for healthier communities.",campaign,United Kingdom,Glasgow,,,positive
